<start>
	<files>
		<files name="MySQL5.5.6 &#x670D;&#x52A1;&#x5668;">
			<autoexpand>True</autoexpand>
			<file name="&#x542F;&#x52A8;MYSQL&#x670D;&#x52A1;">
				<path>mysql5.5.6\mysql_start.bat</path>
				<runcount>32</runcount>
				<rundate>2012/09/18 08:31:26</rundate>
			</file>
			<file name="&#x505C;&#x6B62;MYSQL&#x670D;&#x52A1;">
				<path>mysql5.5.6\mysql_stop.bat</path>
				<runcount>18</runcount>
				<rundate>2012/09/18 09:29:14</rundate>
			</file>
			<file name="&#x67E5;&#x770B;&#x65E5;&#x5FD7;">
				<path>mysql5.5.6\view_log.bat</path>
				<runcount>1</runcount>
				<rundate>2011/12/20 13:54:08</rundate>
			</file>
			<file name="&#x6E05;&#x9664;&#x65E5;&#x5FD7;">
				<path>mysql5.5.6\erase_log.bat</path>
			</file>
		</files>
		<separator>
		</separator>
		<files name="MySQL5.0.41 &#x670D;&#x52A1;&#x5668;">
			<file name="&#x542F;&#x52A8;MYSQL&#x670D;&#x52A1;">
				<path>mysql5.0.41\mysql_start.bat</path>
			</file>
			<file name="&#x505C;&#x6B62;MYSQL&#x670D;&#x52A1;">
				<path>mysql5.0.41\mysql_stop.bat</path>
			</file>
			<file name="&#x67E5;&#x770B;&#x65E5;&#x5FD7;">
				<path>mysql5.0.41\view_log.bat</path>
			</file>
			<file name="&#x6E05;&#x9664;&#x65E5;&#x5FD7;">
				<path>mysql5.0.41\erase_log.bat</path>
			</file>
			<hidefromtray>True</hidefromtray>
		</files>
		<separator>
		</separator>
		<files name="Navicat for MySQL">
			<autoexpand>True</autoexpand>
			<icon>Navicat for MySQL\navicat.exe</icon>
			<file name="Navicat for MySQL">
				<path>Navicat for MySQL\navicat.exe</path>
				<runcount>10</runcount>
				<rundate>2012/09/18 08:58:27</rundate>
			</file>
		</files>
		<separator>
		</separator>
		<files name="&#x5E2E;&#x52A9;&#x4FE1;&#x606F;">
			<file name="&#x8BBE;&#x7F6E;mysql&#x8FDC;&#x7A0B;&#x8BBF;&#x95EE; ">
				<path>&#x5E2E;&#x52A9;&#x4FE1;&#x606F;\&#x8BBE;&#x7F6E;mysql&#x8FDC;&#x7A0B;&#x8BBF;&#x95EE; .txt</path>
				<runcount>4</runcount>
				<rundate>2012/09/13 10:45:59</rundate>
			</file>
			<file name="&#x4FEE;&#x6539;mysql&#x7528;&#x6237;&#x5BC6;&#x7801; ">
				<path>&#x5E2E;&#x52A9;&#x4FE1;&#x606F;\&#x4FEE;&#x6539;mysql&#x7528;&#x6237;&#x5BC6;&#x7801; .txt</path>
				<runcount>1</runcount>
				<rundate>2012/09/13 10:45:59</rundate>
			</file>
		</files>
	</files>
	<notes>
	</notes>
	<colors>
		<color name="0">
			<value>A0A0FFh</value>
		</color>
		<color name="1">
			<value>A0C0FFh</value>
		</color>
		<color name="2">
			<value>A0FFFFh</value>
		</color>
		<color name="3">
			<value>A0FFA0h</value>
		</color>
		<color name="4">
			<value>FFA0A0h</value>
		</color>
	</colors>
	<configurationfile>
		<backupmode>pbmTemporary</backupmode>
	</configurationfile>
	<execution>
		<count>30</count>
		<overalltime>76:56:04.828</overalltime>
	</execution>
	<general>
		<executionaction>0</executionaction>
		<language>auto</language>
		<singleclick>False</singleclick>
	</general>
	<history>
		<usernames>
		</usernames>
	</history>
	<info>
		<visible>False</visible>
	</info>
	<menu>
		<hotkeysvisible>True</hotkeysvisible>
	</menu>
	<mouse>
		<sensors>
			<bottom>
				<leftaction>0</leftaction>
				<rightaction>0</rightaction>
			</bottom>
			<bottomleft>
				<leftaction>0</leftaction>
				<rightaction>0</rightaction>
			</bottomleft>
			<bottomright>
				<leftaction>0</leftaction>
				<rightaction>0</rightaction>
			</bottomright>
			<cornersize>20</cornersize>
			<left>
				<leftaction>0</leftaction>
				<rightaction>0</rightaction>
			</left>
			<monitor>1</monitor>
			<right>
				<leftaction>0</leftaction>
				<rightaction>0</rightaction>
			</right>
			<top>
				<leftaction>0</leftaction>
				<rightaction>0</rightaction>
			</top>
			<topleft>
				<leftaction>0</leftaction>
				<rightaction>0</rightaction>
			</topleft>
			<topright>
				<leftaction>0</leftaction>
				<rightaction>0</rightaction>
			</topright>
		</sensors>
	</mouse>
	<note>
		<alarm>
			<notify>
				<autoclose>False</autoclose>
				<duration>10</duration>
				<sound></sound>
			</notify>
			<recenttime>2011/12/20 13:03:12</recenttime>
		</alarm>
		<defaultcolor>A0FFFFh</defaultcolor>
		<style>0</style>
		<visible>False</visible>
		<wordbreak>1</wordbreak>
	</note>
	<panel>
		<closemode>0</closemode>
		<hotkey>False</hotkey>
		<hotkeyclose>True</hotkeyclose>
		<hotkeycode>15</hotkeycode>
		<hotkeymodifier>7</hotkeymodifier>
		<pageindex>0</pageindex>
		<position>0</position>
		<showonstartup>True</showonstartup>
		<staticsize>True</staticsize>
		<title>MySQL 5.5.6 &#x670D;&#x52A1;&#x5668;&#x7EFF;&#x8272;&#x7248;</title>
	</panel>
	<search>
		<allusersstartmenu>False</allusersstartmenu>
		<colorize>True</colorize>
		<colors>
			<allusersstartmenu>1B5E8Dh</allusersstartmenu>
			<currentuserstartmenu>40A000h</currentuserstartmenu>
			<pstart>FF4040h</pstart>
		</colors>
		<currentuserstartmenu>False</currentuserstartmenu>
		<includemode>0</includemode>
		<pstart>True</pstart>
		<sort>0</sort>
	</search>
	<style>
		<additionaltextcolor>000000h</additionaltextcolor>
		<backgroundimage></backgroundimage>
		<captioncolor>000000h</captioncolor>
		<iconsize>1</iconsize>
		<iteminfomode>2</iteminfomode>
	</style>
	<tray>
		<doubleclick>1</doubleclick>
		<hotkey>False</hotkey>
		<hotkeycode>12</hotkeycode>
		<hotkeymodifier>7</hotkeymodifier>
		<hover>0</hover>
		<iconimage>3</iconimage>
		<iconvisibility>0</iconvisibility>
		<leftclick>2</leftclick>
	</tray>
	<window>
		<main>
			<position>
				<x>810</x>
				<y>162</y>
			</position>
			<size>
				<x>255</x>
				<y>350</y>
			</size>
		</main>
	</window>
</start>
